{"train_samples_per_second":1.738,"eval/readmission_aucpr":0.995269387596899,"train/loss":0.4199,"eval/mortality_auroc":0.555282667030518,"eval_mortality_f1":0,"train_runtime":26852.272,"eval_steps_per_second":1.763,"eval_loss":0.44942358136177063,"train/learning_rate":5.140507196710076e-09,"eval/readmission_precision":0.9924605894448252,"_runtime":27061,"train/epoch":4,"epoch":4,"train_loss":0.45641005580595895,"eval/loss":0.44942358136177063,"eval/readmission_recall":1,"eval/mortality_accuracy":0.9568197395476353,"eval_mortality_aucpr":0.053972468955186,"eval_mortality_auroc":0.555282667030518,"eval/readmission_f1":0.9962160302717579,"eval_mortality_recall":0,"_wandb":{"runtime":27061},"eval_readmission_aucpr":0.995269387596899,"eval_runtime":206.9774,"eval/readmission_auroc":0.6270718232044199,"eval/mortality_aucpr":0.053972468955186,"eval_mortality_precision":0,"eval_mortality_accuracy":0.9568197395476353,"eval/runtime":206.9774,"eval/mortality_precision":0,"eval/multitask_aucpr":0.5246209282760425,"eval_readmission_recall":1,"train/grad_norm":0.11993549019098282,"eval/samples_per_second":7.049,"_timestamp":1.7651711472516904e+09,"eval/mortality_recall":0,"eval_readmission_accuracy":0.9924605894448252,"_step":2360,"train/global_step":11672,"eval/readmission_accuracy":0.9924605894448252,"eval_readmission_f1":0.9962160302717579,"eval_samples_per_second":7.049,"eval_multitask_aucpr":0.5246209282760425,"total_flos":7.33579147259904e+17,"eval_readmission_auroc":0.6270718232044199,"train_steps_per_second":0.435,"eval_readmission_precision":0.9924605894448252,"eval/mortality_f1":0,"eval/steps_per_second":1.763}