{"eval/loss":1.1667426824569702,"eval/readmission_precision":0.8086600351082505,"eval/mortality_f1":0,"_wandb":{"runtime":17683},"eval/readmission_aucpr":0.8909935494666137,"train/loss":0.8272,"train/learning_rate":8.880508725229222e-06,"_step":1517,"eval/mortality_auroc":0.5304870289235915,"train/grad_norm":113.22750091552734,"eval/samples_per_second":6.862,"_timestamp":1.76529829809512e+09,"_runtime":17683,"eval/multitask_aucpr":0.4711732642787522,"train/global_step":7520,"train/epoch":2.2241940254362613,"eval/runtime":249.0653,"eval/mortality_recall":0,"eval/mortality_accuracy":0.9607957870099474,"eval/mortality_aucpr":0.05135297909089073,"eval/readmission_f1":0.8942089938531219,"eval/readmission_accuracy":0.8086600351082505,"eval/steps_per_second":1.718,"eval/readmission_auroc":0.6655956664321088,"eval/readmission_recall":1,"eval/mortality_precision":0}