{"eval_mortality_recall":0,"eval/mortality_recall":0,"eval_mortality_precision":0,"eval/mortality_auroc":0.553295810404592,"eval_steps_per_second":1.7,"eval/readmission_accuracy":0.8123529411764706,"eval/readmission_f1":0.8964621876014282,"eval_mortality_f1":0,"train/global_step":13524,"eval/mortality_aucpr":0.06008358741773552,"eval/readmission_recall":1,"eval_samples_per_second":6.8,"_runtime":32341,"train_loss":1.0642954126524875,"eval/steps_per_second":1.7,"eval/mortality_f1":0,"eval_readmission_recall":1,"train/grad_norm":2063.927490234375,"eval/multitask_aucpr":0.4672873527388664,"total_flos":8.50301814153216e+17,"eval/readmission_auroc":0.6436342752855025,"eval_readmission_f1":0.8964621876014282,"eval_mortality_aucpr":0.06008358741773552,"train/loss":0.92,"train_runtime":32088.2683,"eval_mortality_auroc":0.553295810404592,"eval_loss":1.4127280712127686,"_step":2734,"train_samples_per_second":1.686,"_timestamp":1.7653336108571906e+09,"eval_multitask_aucpr":0.4672873527388664,"eval/readmission_aucpr":0.8744911180599972,"eval/mortality_accuracy":0.9476470588235294,"_wandb":{"runtime":32341},"eval_mortality_accuracy":0.9476470588235294,"eval_readmission_precision":0.8123529411764706,"eval/readmission_precision":0.8123529411764706,"train/epoch":4,"train_steps_per_second":0.421,"train/learning_rate":7.394262052647147e-09,"eval/loss":1.4127280712127686,"eval_readmission_auroc":0.6436342752855025,"eval_readmission_aucpr":0.8744911180599972,"eval/runtime":250.0145,"epoch":4,"eval/mortality_precision":0,"eval_readmission_accuracy":0.8123529411764706,"eval_runtime":250.0145,"eval/samples_per_second":6.8}