{"train/epoch":4,"eval_disease_prediction_aucpr":0.559858361145224,"eval/readmission_auroc":0.5910748007878439,"train/grad_norm":169.74191284179688,"eval_multitask_aucpr":0.3722017151982242,"eval/runtime":376.6481,"eval/samples_per_second":14.058,"eval_readmission_aucpr":0.18454506925122438,"eval_steps_per_second":3.515,"train_steps_per_second":0.948,"eval/disease_prediction_accuracy":0.6829084041548631,"eval/loss":0.970104455947876,"eval/steps_per_second":3.515,"eval/readmission_aucpr":0.18454506925122438,"_step":3778,"eval/readmission_recall":0,"eval/disease_prediction_f1":0.571792909971946,"eval/multitask_aucpr":0.3722017151982242,"train/learning_rate":7.488232777064613e-09,"eval_disease_prediction_precision":0.5109389243391067,"_wandb":{"runtime":20094},"_timestamp":1.7659400071361609e+09,"eval_readmission_f1":0,"train_runtime":19715.9568,"eval/disease_prediction_auroc":0.7419071700842074,"train/global_step":18696,"total_flos":4.89911700300288e+17,"eval_loss":0.970104455947876,"eval/readmission_f1":0,"epoch":4,"eval/disease_prediction_aucpr":0.559858361145224,"eval/disease_prediction_recall":0.6491024898668211,"eval_disease_prediction_f1":0.571792909971946,"train/loss":1.0455,"eval_readmission_accuracy":0.8708215297450425,"eval_readmission_auroc":0.5910748007878439,"train_loss":1.0306180679599188,"eval_runtime":376.6481,"_runtime":20094,"eval_samples_per_second":14.058,"eval/disease_prediction_precision":0.5109389243391067,"train_samples_per_second":3.793,"eval_disease_prediction_accuracy":0.6829084041548631,"eval/readmission_precision":0,"eval_readmission_recall":0,"eval/readmission_accuracy":0.8708215297450425,"eval_disease_prediction_recall":0.6491024898668211,"eval_disease_prediction_auroc":0.7419071700842074,"eval_readmission_precision":0}